818;Hosp. A;ARISTON;30;42;AZCUENAGA 1657;RECOLETA;4805-7544;;-58.397;-34.59
345;Hosp. B;BRISAS DEL MAR;27;57;HUMBERTO 1º 0826;CONSTITUCION;4300-0040;info@hotelbrisasdelmar.com.ar;-58.3776;-34.6209
346;Hosp. B;BAHIA 1;10;42;CORRIENTES 1212 3º;SAN NICOLAS;4382-1780;anelluz@hotmail.com arhotelbahia@gmail.com;-58.3839;-34.6039
347;Hosp. B;BAHIA 2;18;22;CORRIENTES 1212;SAN NICOLAS;4382-1780;;-58.3839;-34.6039
341;Hosp. B;MEDITERRANEO;34;66;RODRIGUEZ PEÑA 0149;SAN NICOLAS;4372-2852;;-58.3907;-34.6073
810;Hosp. A;MI CASITA;13;22;ORTEGA Y GASSET 1975;PALERMO;4771-3126;;-58.4338;-34.5716
811;Hosp. A;SAN CARLOS;24;57;MORENO 3054;BALVANERA;4931-7823;;-58.4093;-34.614
812;Hosp. A;BAHIA;28;60;SANTIAGO DEL ESTERO 1691;CONSTITUCION;4304-5310;DAR DE BAJA;-58.3844;-34.628
814;Hosp. A;MONTMARTRE;30;65;SALTA 1173;CONSTITUCION;4304-4763;;-58.383;-34.6218
815;Hosp. A;ALDEANO I;43;86;LA RIOJA 0277;BALVANERA;4931-2980;aldeano1@hotelaldeano.com.ar;-58.4087;-34.6136
816;Hosp. A;MANZANARES;23;40;MANZANARES 2331/41;NUÑEZ;4702-6839;;-58.4685;-34.5469
817;Hosp. A;LEON;22;53;Callao 758;BALVANERA;4811-5054;hotel-leon@hotmail.com;-58.393;-34.6002
298;Hosp. A;DARIMAR;10;20;BELGRANO 1408;MONSERRAT;4381-8826;;-58.3863;-34.6135
296;Hosp. A;ORIENTAL ;36;73;MITRE BARTOLOME 1840;BALVANERA;4951-6427;ghoriental@hotmail.com;-58.3927;-34.6081
297;Hosp. A;ROMA;34;36;ACUÑA DE FIGUEROA 0422;ALMAGRO;4862-5993;;-58.4229;-34.6056
294;Hosp. A;BRASIL;40;56;BRASIL 1340;CONSTITUCION;4304-5441;;-58.385;-34.6283
295;Hosp. A;ACUARIO;21;45;GASCON 0553;ALMAGRO;4861-0213;;-58.4244;-34.6053
293;Hosp. A;CENTRAL;50;61;BRASIL 1327;CONSTITUCION;4304-3783;;-58.3848;-34.6282
290;Hosp. A;CAPRI;22;44;CONSTITUCION 1881;SAN CRISTOBAL;4304-0305;;-58.3923;-34.6252
199;4 estrellas;ARGENTA TOWER;97;194;JUNCAL 868;RETIRO;4325-4100;ventas@argenta-tower.com.ar;-58.3795;-34.5929
198;2 estrellas;HOTEL CENTRAL;44;88;SOLIS 192;MONSERRAT;4373-8785;;-58.3903;-34.6113
195;5 estrellas;ABASTO PLAZA HOTEL BUENOS AIRES   ;126;252;AV.CORRIENTES 3190;BALVANERA;6311-4466;info@abastohotel.com gerenciageneral@abastohotel.com;-58.4101;-34.6041
194;3 estrellas;HOLIDAY INN EXPRESS;116;197;AV.L.N.ALEM 770;SAN NICOLAS;4311-5200;reservas.arg@talbot.cl;-58.3712;-34.5987
197;5 estrellas;EMPERADOR BUENOS AIRES;270;540;AV. DEL LIBERTADOR 420;RETIRO;4131-4000/3000;mlucas@hotel-emperador.com.ar ventas@hotel-emperador.com.ar;-58.3799;-34.59
196;4 estrellas;NH JOUSTEN;85;162;AV.CORRIENTES 280;SAN NICOLAS;4321-6750;nhjousten@nh-hotels.com ;-58.3709;-34.6031
191;4 estrellas;OBELISCO CENTER SUITES;102;204;ROQUE SAENZ PEÑA 991;SAN NICOLAS;4326-0909;info@obeliscohotel.com.ar;-58.3808;-34.6042
190;3 estrellas;IRUN;46;92;SANTIAGO DEL ESTERO 1671;CONSTITUCION;4306-0018;info@hotelirun.com.ar ;-58.3844;-34.6278
192;2 estrellas;SUIPACHA INN;28;56;SUIPACHA 515;SAN NICOLAS;4322-0099;reservas@hotelsuipacha.com.ar;-58.3795;-34.6022
270;Hosp. A;ARENAL;20;40;CONCEPCION ARENAL 2507;PALERMO;4771-7082;;-58.4385;-34.5754
271;Hosp. A;ORLEANS ;45;71;CALLAO 0680;BALVANERA;4812-9342/ 4811-4703;consultas@orleanshotel.com.ar;-58.3928;-34.6011
272;Hosp. A;THAMES;27;52;THAMES 2255;PALERMO;4774-4117;;-58.4246;-34.5835
273;Hosp. A;ROMA;34;68;AV DE MAYO 1413;MONSERRAT;4383-1273;;-58.3865;-34.6093
274;Hosp. A;SAN MARTIN;28;74;CALLAO 0327;SAN NICOLAS;4371-6450;hotelsanmartin1@yahoo.com.ar;-58.3921;-34.6054
275;Hosp. A;AMERICA;39;78;IRIGOYEN BERNARDO 1608;CONSTITUCION;4307-9671;info@granhotelamerica.com.ar;-58.3783;-34.6277
277;Hosp. A;PRADA;39;63;AZCUENÁGA 978;RECOLETA;83-3537;CERRADO;-58.4004;-34.5971
278;Hosp. A;ASTOR;32;70;CASEROS 0896;CONSTITUCION;4307-7117 4361-4896;info@astorhoteles.com.ar;-58.3764;-34.6278
279;Hosp. A;ODEON;25;56;HUMBERTO 1º 1257;CONSTITUCION;4304-3347/ 9775;info@hotelodeon.com.ar hotelodeon@hotmail.com;-58.3837;-34.621
5002;APART 3 estrellas;L'ETOILE;100;200;ORTIZ ROBERTO 1835;RECOLETA;4805-2626;murraco@etoile.com.ar;-58.3913;-34.5882
5001;APART 2 estrellas;EMBASSY  ALL SUITES;65;150;CORDOBA 860;SAN NICOLAS;4322-1228 / 1823 / 3930 / 4742;embassy@fibertel.com.ar ;-58.3791;-34.599
5007;APART;CATALINAS SUITES;60;178;TUCUMAN 313;SAN NICOLAS;4314-1400;reservas@suitescatalinas.com.ar;-58.3714;-34.6007
5009;APART;PLAZA SAN MARTIN SUITES;58;116;SUIPACHA 1092;RETIRO;4328-4740/41;recepcion@plazasanmartin.com;-58.38;-34.5955
5008;APART;DAZZLER SUITES ARROYO;78;156;SUIPACHA 1359;RETIRO;4325-4545/8200;recepcion@arroyotowers.com;-58.3801;-34.5919
109;2 estrellas;AYAMITRE HOTEL;40;89;AYACUCHO 106;BALVANERA;4953-1655 / 5733;reservas@hotelayamitre.com.ar;-58.395;-34.608
102;3 estrellas;VICTORY HOTEL;93;190;MAIPU 880;RETIRO;4314-8415 / 5440;info@victoryhotel.com.ar;-58.3769;-34.5979
103;2 estrellas;MADRID HOTEL;46;96;AV DE MAYO 1137;MONSERRAT;4381-9021;gerencia@hotelmadrid.com.ar;-58.3826;-34.6091
100;2 estrellas;LISBOA;46;97;MITRE BARTOLOME 1282;SAN NICOLÁS ;4381-2152;consulta@lisboapalace.com.ar;-58.3846;-34.6075
101;3 estrellas;WALDORF;120;278;PARAGUAY 450;RETIRO;4312-2071 al 78;info@waldorf-hotel.com.ar;-58.3736;-34.5974
106;3 estrellas;CONSTITUCION PALACE HOTEL;135;270;LIMA 1697;CONSTITUCION;4305-9010 al 20;reservas@cphotel.com.ar;-58.3815;-34.6277
107;4 estrellas;ROCHESTER CLASSIC;137;303;ESMERALDA 542;SAN NICOLAS;4326-6076;info@rochester-hotel.com.ar;-58.3782;-34.6018
105;REG DE PREST;MANSION DANDI ROYAL;15;30;Piedras 0922;MONSERRAT;4307-7623;recepcion@dandiroyal.com.ar;-58.3773;-34.6189
39;2 estrellas;RITZ;35;75;AV DE MAYO 1111;MONSERRAT;4383-9001;info@ritzhotel-ba.com;-58.3822;-34.609
38;3 estrellas;CARDTON HOTEL;30;60;PERON 1555;SAN NICOLAS;4382-2463;hotelcardtonbaires@hotmail.com ;-58.3887;-34.6066
32;2 estrellas;TUCUMAN PALACE HOTEL;56;126;TUCUMAN 384;SAN NICOLAS;4311-3555;reservas@tucumanpalace.com.ar;-58.3722;-34.6009
31;3 estrellas;GRAN HOTEL ORLY;168;340;PARAGUAY 474;RETIRO;4312-5344 al 48;reservas@orly.com.ar;-58.3738;-34.5974
37;3 estrellas;PLAZA FRANCIA ;50;110;SCHIAFFINO PJE 2189;RECOLETA;4807-7400;gdebiase@esplendorplazafrancia.com;-58.3889;-34.5856
36;4 estrellas;SALLES HOTEL;80;170;CERRITO 0208;SAN NICOLAS;4382-0090;info@hotelsalles.com.ar;-58.3821;-34.606
35;1 estrellas;CEVALLOS PALACE HOTEL;30;64;VIRREY CEVALLOS 261;MONSERRAT;4372-7636;hotelcevallos@hotmail.com ;-58.389;-34.6119
34;2 estrellas;NUEVO MUNDIAL HOTEL;97;201;AV DE MAYO 1298;MONSERRAT;4383-0011;reservas@mundialhotel.com.ar;-58.3848;-34.6093
339;Hosp. B;SANTA ROSA;60;140;JURAMENTO 3127;BELGRANO;4542-1614;;-58.4638;-34.5662
335;Hosp. B;MAYO;30;66;ALSINA 2164;BALVANERA;4952-7356;;-58.3969;-34.6119
334;Hosp. B;PANAMERICAN;42;95;MORENO 2754;BALVANERA;4942-8807;;-58.4048;-34.6134
337;Hosp. B;BRISAS;26;50;CHARCAS 4470;PALERMO;4774-0485;hotelbrisasbaires@gmail.com;-58.4246;-34.5826
336;Hosp. B;24 DE NOVIEMBRE;32;64;24 DE NOVIEMBRE 1057;SAN CRISTOBAL;4931-4661;;-58.4106;-34.6233
331;Hosp. B;ALCAZAR;36;87;AVDA. DE MAYO 0935;MONSERRAT;4345-4308;info@hotelalcazar.com.ar;-58.3796;-34.6088
330;Hosp. B;PUEYRREDON;48;109;PUEYRREDON 0047;BALVANERA;4862-4377;;-58.4059;-34.6094
333;Hosp. B;VIELLA;27;62;SAN JOSE 1769;CONSTITUCION;4304-1963;;-58.3857;-34.6295
332;Hosp. B;BELGRANO;47;84;BELGRANO 1850;BALVANERA;4864-9175;;-58.3925;-34.614
344;Hosp. B;LA PIEDAD;23;43;MITRE BARTOLOME 1156;SAN NICOLAS;4381-6810;;-58.3829;-34.6074
819;Hosp. A;TEMUCO;20;44;PERON 4261;ALMAGRO;4862-3053;;-58.427;-34.6059
6;4 estrellas;NOGARO;140;200;ROCA JULIO A 0562;MONSERRAT;4331-0091;reservas@562nogarohotel.com;-58.3742;-34.6099
99;4 estrellas;WILTON PALACE HOTEL;95;200;CALLAO 1162/64;RECOLETA;4811-1818 ;v.akrabian@hotelwilton.com.ar;-58.3933;-34.5952
98;5 estrellas;SHERATON HOTEL CONVENTION CENTER;739;1420;SAN MARTIN 1225/75;RETIRO;4318-9000;rocio.porticella@sheraton.com ;-58.4471;-34.6074
91;5 estrellas;HOTEL NH CITY;303;606;BOLIVAR 160/120;MONSERRAT;4121-6464 / 6400;d.chourrout@nh-hotels.com;-58.3734;-34.6098
90;4 estrellas;CASTELAR;161;362;AV DE MAYO 1152;SAN NICOLAS;4383-5000;amarrone@castelarhotel.com.ar;-58.3827;-34.6092
93;4 estrellas;LAFAYETTE;83;179;RECONQUISTA 546;SAN NICOLAS;4393-9081;gerencia@lafayettehotel.com.ar;-58.3726;-34.6015
92;3 estrellas;PARLAMENTO HOTEL;55;83;RODRIGUEZ PEÑA 61;SAN NICOLAS;4374-1410;reservas@hotelparlamento.com.ar;-58.3906;-34.6083
94;5 estrellas;CLARIDGE HOTEL;161;326;TUCUMAN 535;SAN NICOLAS;4314-7700 / 2020;reservas@claridge.com.ar ;-58.3745;-34.601
97;1 estrellas;RIO DE LA PLATA;39;83;GARAY 1271;CONSTITUCION;4305-3191 / 4306-8689;;-58.3839;-34.6269
96;4 estrellas;CARSSON;91;182;VIAMONTE 650;SAN NICOLAS;4131-3800;deiriz@hotelcarsson.com.ar;-58.3761;-34.5999
348;Hosp. B;PASCO HOTEL  ;15;52;PASCO 492;BALVANERA;4943-4209/4383-3405;;-58.3978;-34.6151
238;Hosp. A;MARFIL;30;64;ECUADOR 0282;BALVANERA;4861-1570;;-58.409;-34.6071
239;Hosp. A;CARLOS I;27;63;CALVO CARLOS 1463;CONSTITUCION;4305-3700;cristianlanni@hotmail.com;-58.3868;-34.6199
234;2 estrellas; AIRES EXPRESS ;50;70;BARTOLOMÉ MITRE 3410;ALMAGRO;4867-1265 / 4860-0204;airesexpress@speedy.com.ar;-58.4148;-34.6094
235;Hosp. A;LA VASCONIA;33;54;SALTA 1806;CONSTITUCION;4304-3031;silvadaut@hotmail.com;-58.3827;-34.6292
236;Hosp. B;LA POSTA DE DORREGO;9;22;Belgrano 778;MONSERRAT;4331-9071;;-58.3774;-34.6129
237;2 estrellas;GRAN HOTEL LIBERTAD;63;131;LIBERTAD  249;SAN NICOLAS;4381-2631/4382-7789;info@granhotellibertad.com.ar;-58.3836;-34.6057
230;Hosp. A;PALACE HOTEL RONDEAU *;49;98;ENTRE RIOS 2100;CONSTITUCION;4306-5388;palacerondeau2000@fullcero.com.ar;-58.3904;-34.6326
231;Hosp. A;LOURDES;48;80;CALLAO 0044;BALVANERA;4952-2720;lourdeshotel@yahoo.com.ar;-58.3921;-34.6087
232;Hosp. A;ART HOTEL (ex CARLOS V);48;81;AZCUENAGA 1268;RECOLETA;4824-9105;info@arthotel.com.ar;-58.3993;-34.5936
233;Hosp. A;URUGUAY ;43;87;TACUARI 0083;MONSERRAT;4334-3456;;-58.3792;-34.6093
1;3 estrellas;NORMANDIE HOTEL;59;118;RODRIGUEZ PEÑA 320;SAN NICOLAS;4371-7001 al 06;normandie@hotelnormandie.com.ar;-58.3908;-34.6054
146;1 estrellas;KEY'S HOTEL;25;50;ZAPATA 315;PALERMO;4778-3233;hotelkeys@ciudad.com.ar;-58.4409;-34.5736
147;2 estrellas;RECOLETA HOTEL;37;63;PAGANO J.L. 2684;RECOLETA;4802-7318;reservas@hotel-recoleta.com.ar;-58.3997;-34.5839
145;4 estrellas;TRITONE HOTEL;53;134;MAIPU 651/7;SAN NICOLAS;4325-8955;recepcion@tritonehotel.com.ar;-58.3767;-34.6005
142;2 estrellas;BLANRO;51;118;JUNIN 759;BALVANERA;4374-2000 / 0604;reservas@hotelblanro.com.ar;-58.3971;-34.6003
143;4 estrellas;BAUEN SUITE HOTEL;94;205;CORRIENTES 1856;BALVANERA;4370-0400;sfederico@bauensuite.com;-58.3931;-34.6045
140;2 estrellas;ASTORIA;60;132;AV DE MAYO 916;MONSERRAT;4334-9061 / 5;hotelastoria916@hotmail.com;-58.3794;-34.609
141;1 estrellas;DE LA RUE;25;74;FREIRE 1765 PB;BELGRANO;4551-4884 / 4552-4048;consultashotel@yahoo.com.ar info@hoteldelarue.com.ar;-58.4615;-34.5698
148;5 estrellas;FOUR SEASONS HOTEL BUENOS AIRES;165;330;POSADAS 1086 /CERRITO 1433/55;RETIRO;4321-1200;bue.communicationcenter@fourseasons.com;-58.3823;-34.5902
149;5 estrellas;CAESAR PARK BUENOS AIRES;173;346;POSADAS 1232;RETIRO;4819-1100;h8932-gm@accor.com h8932-dm@accor.com;-58.3841;-34.5894
133;3 estrellas;LA PERLA HOTEL;61;120;JUJUY 0036;BALVANERA;5218-7737 al 40;ventas@hotellaperla.com.ar;-58.4058;-34.6104
131;1 estrellas;EL CASTILLO HOTEL;25;54;ALVEAR M T 1813;RECOLETA;4813-2048;recepcion@hotel-elcastillo.com.ar ;-58.3935;-34.5972
130;3 estrellas;ELEVEN PALACE HOTEL;62;114;LA RIOJA 87;BALVANERA;4864-5097 al 99;info@hoteleleven.com.ar;-58.4088;-34.6113
137;1 estrellas;HISPANO ARGENTINO;36;69;CATAMARCA 167/71;BALVANERA;4931-5543 / 4932-3980;contacto@hhispanohotel.com.arbobohotel.com;-58.4071;-34.6121
136;1 estrellas;LLANO;27;101;H. YRIGOYEN 3023;BALVANERA;4861-1672;llanogabriel@hotmail.com;-58.4091;-34.6115
135;1 estrellas;FIORENTINO HOTEL;30;64;URQUIZA 187;BALVANERA;4932-9641 / 4931-1368;;-58.4101;-34.6126
134;3 estrellas;NUEVO HOTEL CALLAO;50;100;AV. CALLAO 292;BALVANERA;4374-4222;info@hotelcallao.com.ar;-58.3923;-34.6058
138;4 estrellas;BISONTE PALACE HOTEL;62;124;ALVEAR M T 902/910;RETIRO;4328-4751;bispal@fibertel.com.ar;-58.38;-34.5966
24;2 estrellas;TERMINE HOTEL;55;102;CASTELLI 61;BALVANERA;4951-0071;terminehotel@yahoo.com;-58.4046;-34.6093
26;4 estrellas;CARLTON;84;177;LIBERTAD 1180;RETIRO;4812-0081;hotelcarlton@solans.com;-58.3844;-34.5947
27;2 estrellas;NOVEL HOTEL;46;72;AV DE MAYO 915;MONSERRAT;4345-3532;info@novelhotel.com.ar;-58.3794;-34.6088
20;3 estrellas;GRAN HOTEL DE LA PAIX;66;144;RIVADAVIA 1155;SAN NICOLAS;4381-8061 / 63;reservas@granhoteldelapaix.com.ar;-58.3828;-34.6085
21;4 estrellas;SAVOY HOTEL;180;362;CALLAO 181;SAN NICOLAS;4370-8000 / 10;Info@savoyhotel.com.ar;-58.392;-34.607
22;3 estrellas;HOTEL N´ONTUÉ;50;100;AV. CORRIENTES 3321;BALVANERA;4863-4098 / 99;info@nontuehotel.com.ar ;-58.4121;-34.604
23;3 estrellas;BA CENTRAL HOTEL;78;190;JUNIN 357;BALVANERA;4953-4455 / 4071;bwcentralhotel@gmail.com;-58.3967;-34.6052
28;3 estrellas;PROMENADE HOTEL;61;145;ALVEAR M T 444;RETIRO;4312-5681;info@hotelpromenade.com.ar;-58.3737;-34.5962
29;4 estrellas;PRINCIPADO;96;208;PARAGUAY 481;RETIRO;43182-3912/4313-3022;hotel@principado.com.ar;-58.3738;-34.5974
407;Hosp. B;9 DE JULIO;23;57;LIMA 1417;CONSTITUCION;4305-3967;josemarceloteo@yahoo.com;-58.3825;-34.625
406;Hosp. B;CANGALLO;9;23;J.D.PERON 4129;ALMAGRO;4373-8785;TEL NO CORRESPONDE;-58.4249;-34.6059
404;Hosp. B;OLIDEN;16;37;ALSINA 2597;BALVANERA;4951-8729;;-58.4031;-34.6122
403;Hosp. B;CASTILLA;30;60;MITRE BARTOLOME 1548;SAN NICOLAS;4338-4586;;-58.3885;-34.6078
402;Hosp. B;LUNEL;37;74;JULIAN ALVAREZ 1959;PALERMO;4862-7527;;-58.4196;-34.5898
401;Hosp. B;UNIVERSAL;38;49;COCHABAMBA 1364;CONSTITUCION;4306-5718;;-58.3853;-34.6236
400;Hosp. B;SARMIENTO;36;72;SARMIENTO 1162;SAN NICOLAS;4382-4148;;-58.3831;-34.6051
379;Hosp. B;CONCORD;12;26;DELGADO 0510;COLEGIALES;4553-9043;;-58.4498;-34.5803
378;Hosp. B;WASHINGTON;31;64;GARAY JUAN DE 0340;SAN TELMO;4361-4738;;-58.3703;-34.6243
828;Hosp. A;IVAN (HOTEL SINDICAL);28;57;GALLO 0513/15;BALVANERA;4862-1198/1838;HOTEL SINDICAL hotel@11deoctubre.com.ar;-58.4129;-34.603
825;Hosp. A;SEU LAR ;17;27;PAVON 1479;CONSTITUCION;4306-0109;marisalalin@yahoo.com;-58.3868;-34.6261
824;Hosp. A;SILGUEIRO;36;70;MISIONES 0139;BALVANERA;4932-6827;;-58.4045;-34.6116
827;Hosp. A;SAN CRISTOBAL INN ;36;72;ESTADOS UNIDOS 2937;SAN CRISTOBAL;4957-5334;info@hotelsancristobal.com.ar;-58.4067;-34.6206
826;Hosp. A;MIÑO ;23;38;GALLO 1258;RECOLETA;4962-3673;rodovalho@ciudad.com.ar;-58.4114;-34.5957
821;Hosp. A;ONCE PLAZA;21;62;MORENO 2717 PB;BALVANERA;4932-5400;info@onceplazahteldos.com.ar;-58.4046;-34.6134
820;Hosp. A;RICH;34;53;BULNES 1247;PALERMO;4963-1732;;-58.4171;-34.5972
823;Hosp. A;COLONIAL;25;45;24 DE NOVIEMBRE 0229;BALVANERA;4931-3104;info@hotelcolonialbaires.com.ar;-58.4114;-34.6135
822;Hosp. A;CASABLANCA;46;105;SANTIAGO DEL ESTERO 1685;CONSTITUCION;4305-4048;cristinanovas@ciudad.com.ar hotelcasablanca@ciudad.com.ar;-58.3844;-34.628
393;Hosp. B;PETIT HOTEL;23;41;ARAOZ 2055;PALERMO;4824-1902;;-58.4198;-34.5887
392;Hosp. B;SEVILLA;32;46;SOLIS 0138;MONSERRAT;4372-8447 - cel 15-50261860;;-58.3903;-34.6107
88;3 estrellas;GRAN HOTEL ARGENTINO;143;310;PELLEGRINI 37;SAN NICOLAS;4334-4001 / 02;reservas@hotel-argentino.com.ar;-58.3807;-34.6079
390;Hosp. B;CONFORT;22;48;RIVADAVIA 2093;BALVANERA;4953-4367;;-58.3962;-34.6094
395;Hosp. B;CULPINA;20;43;CULPINA 0553;FLORES;4611-0573;;-58.4641;-34.6365
394;Hosp. B;ODEON;72;100;ESMERALDA 0368;SAN NICOLAS;4326-0128;hotelodeon@hotmail.com;-58.3781;-34.604
82;4 estrellas;DE LAS AMERICAS;130;275;LIBERTAD 1020;RETIRO;4129-3400;reservas@grupoamericas.com.ar;-58.3843;-34.5966
399;Hosp. B;PAPI;35;69;AVELLANEDA 2821;FLORES;4611-8177;;-58.4706;-34.626
81;4 estrellas;GRAN HOTEL DORA;93;207;MAIPU 959/63;RETIRO;4312-7391;reservas@dorahotel.com.ar;-58.3769;-34.5968
86;4 estrellas;REPUBLICA;209;384;CERRITO 370;SAN NICOLAS;4382-5050;marketing@hotelrepublica.com.ar;-58.3822;-34.6043
87;5 estrellas;SHERATON LIBERTADOR BUENOS AIRES;203;406;CORDOBA 660 ;SAN NICOLAS;4321-0000;guest.service.1195@sheraton.com;-58.3765;-34.5989
84;2 estrellas;FIDES PALACE HOTEL;60;136;PAVON 1281;CONSTITUCION;4305-5037 /38/39;CERRADO;-58.384;-34.626
85;3 estrellas;NAPOLEON HOTEL;60;120;RIVADAVIA 1364;SAN NICOLAS;5353-2031;info@hotel-napoleon.com.ar;-58.3857;-34.6088
7;2 estrellas;RODNEY  HOTEL;54;96;JUNIN 35/37;BALVANERA;4953-3232;administración@hotelrodney.com.ar;-58.3963;-34.609
245;Hosp. A;HELEN;20;40;CONDARCO 0552;FLORES;4671-3072;;-58.4692;-34.6249
247;Hosp. A;CIBELES;24;48;VIRREY CEVALLOS 0264;MONSERRAT;4373-1444;hotelcibeles@hotmail.com.ar;-58.3889;-34.612
241;Hosp. A;GRAN NORTE;33;66;MANSILLA 2915;RECOLETA;4821-1962;;-58.4082;-34.5948
240;Hosp. A;ALSINA;37;82;24 DE NOVIEMBRE 0190;BALVANERA;4931-9393;;-58.4114;-34.6129
243;Hosp. A;SAN ROMAN;38;85;MORENO 1133;MONSERRAT;4383-2318;hotelsanroman@yahoo.com.ar;-58.3823;-34.6119
242;Hosp. A;TREN MIXTO;41;82;LIMA 1717;CONSTITUCION;4305-9155;;-58.3815;-34.6281
249;Hosp. A;LITORAL;35;72;CORRIENTES 6891;CHACARITA;4553-1161;;-58.4548;-34.587
248;Hosp. A;YORK;31;49;ALSINA 2632;BALVANERA;4951-8957;;-58.4037;-34.6123
5038;APART 3 estrellas;TRIBECA;32;90;B.MITRE 1265;SAN NICOLAS;4372-5444;info@hoteltribeca.com.ar;-58.3845;-34.6075
5039;APART 3 estrellas;ASPEN SUITES;149;683;ESMERALDA 933;RETIRO;4313-9011;reservation@aspensuites.com.ar;-58.3784;-34.5972
5036;APART 1 estrellas;ORO APPART;22;38;F J S M DE ORO 2706;PALERMO;4899-0230/ 0264;reservas@oroaparthotel.com.ar ;-58.4225;-34.5772
5037;APART 2 estrellas;APART SOHO ALL SUITES;21;46;Honduras 4762;PALERMO;4832-3000;;-58.4278;-34.5903
5034;APART 2 estrellas;APART HOTEL CONGRESO;40;97;Bartolomé Mitre 1824;BALVANERA;4954-8410;info@apartcongreso.com.ar;-58.3925;-34.608
5035;APART 3 estrellas;HOTEL PAMPA;41;123;LA PAMPA 751/777;BELGRANO;4789-9561;info@pampaplaza.com;-58.437;-34.5546
5032;APART 3 estrellas;DESING CE;28;56;M.T. De Alvear 1695;RECOLETA;5237 3100;gerencia@designce.com;-58.3916;-34.5972
5033;APART 2 estrellas;ARGENTINA TANGO HOTEL;28;105;SUIPACHA 545/ 7;SAN NICOLAS;4322- 3434;reservas@atangohotel.com ;-58.3795;-34.6019
5030;APART 1 estrellas;BENCO APART HOTEL;26;52;YRIGOYEN H. 1534;MONSERRAT;4373-7207 / 08;bencoaparthotel@yahoo.com.ar;-58.3881;-34.6101
5031;APART 2 estrellas;CRYSTAL SUITES;25;50;URUGUAY 820;RECOLETA;5811-4169/70/73;info@crystal-suites.com ;-58.3869;-34.599
179;4 estrellas;NH LATINO;101;192;SUIPACHA 309;SAN NICOLAS;4321-6700;nhlatino@nh-hotels.com;-58.3794;-34.6047
178;3 estrellas;RIVER HOTEL;42;84;MONTEVIDEO 84/86;SAN NICOLAS;4382-8789 / 4384-8206;reservas@riverhotel.com.ar;-58.3893;-34.6081
177;2 estrellas;CAMARO PALACE HOTEL;43;86;SARMIENTO 4239/43;ALMAGRO;4867-4798 / 0195;camaroph@ciudad.com.ar;-58.4249;-34.6044
176;4 estrellas;AMERIAN Buenos Aires Park;152;304;RECONQUISTA 699;SAN NICOLAS;5171-6500;recepcionrec@amerian.com;-58.3726;-34.5999
175;4 estrellas;ELEVAGE BUENOS AIRES HOTEL;103;206;MAIPU 960;RETIRO;4891-8000;;-58.377;-34.5968
174;3 estrellas;HOWARD JOHNSON INN;40;80;BARTOLOME MITRE 2241;BALVANERA;4952-6010;info@hjcongreso.com;-58.3984;-34.6084
173;5 estrellas;MELIA BUENOS AIRES;125;250;RECONQUISTA 0945;RETIRO;4891-3800;info@meliabuenosaires.com.ar;-58.373;-34.597
172;4 estrellas;RECONQUISTA PLAZA HOTEL;60;120;RECONQUISTA 602;SAN NICOLAS;4311-4600;;-58.3726;-34.6007
171;2 estrellas;LOS TRES REYES;44;102;BRASIL 423;SAN TELMO;4300-9456;hotel_tresreyes@yahoo.com;-58.3715;-34.6253
170;3 estrellas;SPLENDID HOTEL;50;107;RIVADAVIA 950;SAN NICOLAS;4345-2800;;-58.3798;-34.6084
182;3 estrellas;BEL AIR BS AS HOTEL;77;154;ARENALES 1462;RECOLETA;4021-4000;reservas@hotelbelair.com.ar;-58.388;-34.5947
183;3 estrellas;SARUM;48;96;QUESADA 2370;BELGRANO;4704-0039;reservas@hotelsarum.com.ar;-58.4628;-34.5542
180;4 estrellas;GRAN BOULEVARD HOTEL;70;160;BERNARDO DE YRIGOYEN 432;MONSERRAT;5222-9000;ventas@hj9dejulio.com.ar ssuppa@hj9dejulio.com.ar;-58.3726;-34.6091
181;5 estrellas;HILTON;421;842;MACACHA GUEMES 351;PTO MADERO;4891-0000;paula.viacava@hilton.com;-58.3636;-34.6052
186;1 estrellas;FROSSARD HOTEL;18;33;TUCUMAN 686;SAN NICOLAS;4322-1811;info@hotelfrossard.com.ar reservas@hotelfrossard.com.ar;-58.3764;-34.6011
187;4 estrellas;HOWARD JOHNSON DA VINCI;51;102;TUCUMAN 857;SAN NICOLAS;5031-8002;info@davinci.com.ar;-58.3789;-34.6012
184;3 estrellas;ATLAS TOWER;72;144;AV CORRIENTES 1778;SAN NICOLAS;4371-9371 / 5217;ventas@atlastower.com.ar;-58.3919;-34.6045
185;4 estrellas;NH FLORIDA;167;334;SAN MARTIN 839;RETIRO;4321-9850;nhflorida@nh-hotels.com;-58.3742;-34.5981
188;4 estrellas;HOWARD JOHNSON PLAZA FLORIDA STREET;77;154;FLORIDA 944;RETIRO;4891-9200;frontdesk@hjflorida.com.ar;-58.3755;-34.5969
189;5 estrellas;LOI SUITES RECOLETA HOTEL;112;224;VICENTE LOPEZ 1955;RECOLETA;5777-8950;recoleta@loisuites.com.ar;-58.3925;-34.5895
11;4 estrellas;SHELTOWN HOTEL;68;120;ALVEAR M T 742;RETIRO;4312-5070 / 79;administracion@hotelsheltown.com.ar;-58.3776;-34.5963
13;3 estrellas;LYON HOTEL;76;200;RIOBAMBA 251;BALVANERA;4372-0100/09;info@hotel-lyon.com.ar;-58.3936;-34.6063
12;4 estrellas;CRILLON;96;204;SANTA FE 796;RETIRO;4310-2000fax/2020;nhcrillon@nh-hotels.com;-58.3783;-34.5952
15;2 estrellas;PALERMO HOTEL;51;87;GODOY CRUZ 2709/25;PALERMO;4774-7342;info@hotel-palermo.com.ar;-58.425;-34.5784
14;3 estrellas;EMBAJADOR;52;104;PELLEGRINI 1181/85;RETIRO;4326-5302 al 11;embajadorhotel@4525hotel.com;-58.3815;-34.5944
17;4 estrellas;BRISTOL HOTEL;115;215;CERRITO 0286;SAN NICOLAS;4382-5400;reservas@hotelbristol.com.ar;-58.3822;-34.6052
16;2 estrellas;AYACUCHO PALACE HOTEL;64;116;AYACUCHO 1408;RECOLETA;4806-1815;reservas@ayacuchohotel.com.ar;-58.3949;-34.5926
19;2 estrellas;DIPLOMAT;48;98;SAN MARTIN 918;RETIRO;4311-9370 / 2718;info@hoteldiplomat.com.ar;-58.3743;-34.5972
18;2 estrellas;EL MOLINO HOTEL;60;112;CALLAO 164;BALVANERA;4374-9112;molinohotel@hotmail.com;-58.3922;-34.6073
323;Hosp. B;NOEMI;14;28;DIAZ VELEZ 5075;CABALLITO;4982-8201;;-58.4384;-34.6087
320;Hosp. B;ONCE;20;48;RIVADAVIA 2962;BALVANERA;4861-1666;;-58.4084;-34.6104
321;Hosp. B;CARLY;25;53;HUMBERTO 1º 0464;SAN TELMO;4361-7710;;-58.3723;-34.6207
326;Hosp. B;SAN ANDRES;22;67;SAN LUIS 2921;BALVANERA;4961-5346;;-58.4066;-34.5996
327;Hosp. B;MEXICO;20;40;MEXICO 2475;BALVANERA;4942-1713;;-58.4008;-34.6165
325;Hosp. B;GOYA;37;68;SUIPACHA 0748;SAN NICOLAS;4322-9311;info@goyahotel.com.ar;-58.3797;-34.5997
329;Hosp. B;OLLEROS;17;37;OLLEROS 3163;COLEGIALES;4552-5912;;-58.4484;-34.578
201;4 estrellas;PESTANA HOTEL;133;266;CARLOS PELLEGRINI 877;RETIRO;5239-1000 / 1100;;-58.3813;-34.5982
200;2 estrellas;HOTEL  AVENIDA;34;72;AVENIDA DE MAYO 623;MONTSERRAT;4342-5664;havenida@ciudad.com.ar;-58.3753;-34.6086
203;2 estrellas;HOTEL STAR;18;38;ECUADOR 12;BALVANERA;4866-0333;;-58.4089;-34.6101
202;Hosp. A;ORENSE ;36;53;MITRE BARTOLOME 1350;SAN NICOLAS;4372-3173;informes@hotelorense.com.ar;-58.3857;-34.6076
205;Hosp. A;REYNA;50;91;AV DE MAYO 1120;MONSERRAT;4381-2496;info@hotelreyna.com.ar;-58.3823;-34.6092
204;4 estrellas;HOTEL MADERO BUENOS AIRES;193;386;ROSARIO VERA PEÑALOZA 360;PUERTO MADERO;5776-7777;info@hotelmadero.com;-58.3623;-34.6175
207;5 estrellas;REGAL PACIFIC;110;337;25 DE MAYO 758;SAN NICOLAS;4310-7000;ftrevisan@regalpacific.com.ar;-58.3715;-34.599
206;Hosp. A;GRAN REAL;25;68;RIOBAMBA 0231;BALVANERA;4374-3526/ 4372-9500;reservas@real-hotel.com.ar;-58.3936;-34.6065
209;2 estrellas;HOTEL CARRARA;31;57;AV. RIVADAVIA 2307 ;BALVANERA;4952-1888;info@hotelcarrara.com.ar;-58.3993;-34.6096
208;Hosp. A;EUROPA;36;86;MITRE  BARTOLOME  1294;SAN NICOLAS;4384-8360;info@eurohotel.com.ar;-58.3848;-34.6076
77;3 estrellas;LINCOLN HOTEL;86;160;SAN JOSE 1299;CONSTITUCION;4306-4687;;-58.3858;-34.6238
75;2 estrellas;RIO HOTEL;31;72;SALGUERO J. 218;ALMAGRO;4983-8837;info@hotelrio.com.ar;-58.42;-34.6083
74;2 estrellas;GRAN VEDRA;33;61;AV DE MAYO 1350;MONSERRAT;4383-0584;info@hotelvedra.com.ar, mariela@hotelvedra.com.ar;-58.3854;-34.6094
73;3 estrellas;ESMERALDA PALACE HOTEL;70;157;ESMERALDA 527;SAN NICOLAS;5811-0317/22;reservas@hotel-esmeralda.com.ar;-58.3781;-34.602
71;1 estrellas;CONDOR HOTEL;53;106;LA RIOJA 258/264;BALVANERA;4932-7626;hotelcondor@hotmail.com;-58.4086;-34.6134
70;2 estrellas;GRAN HOTEL ATLANTIC;71;139;CASTELLI 45;BALVANERA;4951-0081;reservas@hotelatlantic.com.ar;-58.4046;-34.6094
79;3 estrellas;SARMIENTO PALACE HOTEL;100;230;SARMIENTO 1953/55;BALVANERA;4953-3404 / 13;reservas@hotelsarmiento.com.ar ;-58.3944;-34.6058
2;3 estrellas;COLUMBIA PALACE HOTEL;67;150;CORRIENTES 1533/35/37;SAN NICOLAS;4373-1906;reservas@columbiapalacehotel.com.ar;-58.3884;-34.6041
359;Hosp. B;PASO;20;38;PASO 0050;BALVANERA;4952-5736;;-58.4034;-34.6093
804;Hosp. A;SPLENDID;25;55;BELGRANO 2688;BALVANERA;4957-4279;;-58.4039;-34.6147
8;4 estrellas;EL CONQUISTADOR;134;268;SUIPACHA 948;RETIRO;4328-3012;mailhotel@elconquistador.com.ar;-58.3799;-34.5971
68;4 estrellas;GRAN HOTEL BUENOS AIRES;91;191;ALVEAR M T 769;RETIRO;4312-3003;reservas@granhotelbue.com.ar rnavarro@granhotelbue.com.ar;-58.378;-34.5963
120;4 estrellas;REGENTE PALACE HOTEL;139;320;SUIPACHA 0964/66/68;RETIRO;4328-6800;recepcion@regente.com;-58.3799;-34.5969
121;1 estrellas;TURISTA HOTEL;32;72;AV DE MAYO 686;SAN NICOLAS;4331-2281 / 2485;turistahotel@yahoo.com.ar;-58.3762;-34.6088
122;1 estrellas;MAJESTIC HOTEL;41;82;LIBERTAD 121;SAN NICOLAS;4382-6441 / 1949;info@majestichotel.com.ar;-58.3835;-34.6072
124;2 estrellas;TRES SARGENTOS HOTEL;56;125;TRES SARGENTOS 345;RETIRO;4312-6081;info@hoteltressargentos.com.ar;-58.3723;-34.5978
125;4 estrellas;POSTA CARRETAS;45;122;ESMERALDA 726;SAN NICOLAS;4322 8567;recepcion@postacarretas.com.ar;-58.3783;-34.5998
126;3 estrellas;ECUADOR HOTEL;51;97;ALSINA 2820;BALVANERA;4956-0532 / 33;hotelecuador@speedy.com.ar ;-58.4059;-34.6125
127;2 estrellas;PRINCIPE NORTE HOTEL;22;45;LAPRIDA 1454;RECOLETA;4821-9818;principe@hotel-principe.com.ar;-58.4056;-34.5921
128;REG DE PREST;COMO EN CASA BED & BREAKFAST;6;12;Gurruchaga 2155;PALERMO;4832-8067;;-58.4238;-34.5859
129;1 estrellas;ALFA;52;120;RIOBAMBA 1064;RECOLETA;4812-2889 / 3719;reservas@alfahotel.com.ar;-58.3948;-34.5965
318;Hosp. B;IMPERIAL;31;50;URIBURU 1287;RECOLETA;4824-1251;;-58.3975;-34.5931
313;Hosp. B;LA SANTA MARIA;17;32;CRAMER 618;COLEGIALES;4551-4166;;-58.4463;-34.574
312;Hosp. B;LA PINTA ;14;23;MOLDES 693;COLEGIALES;4553-5116;;-58.4474;-34.5724
311;Hosp. B;DOS MUNDOS;37;98;SARMIENTO 2009;BALVANERA;4953-2171;;-58.3954;-34.6058
310;Hosp. B;ALDEANO II ;44;84;PASCO 136;BALVANERA;4951-4102;aldeano2@hotelaldeano.com.ar;-58.3974;-34.6111
317;Hosp. B;LA CASITA;15;31;CONSTITUCION 1549;CONSTITUCION;4306-0250;;-58.3877;-34.6248
316;Hosp. B;ANCON;18;42;ALVEAR M. T. 2223;RECOLETA;4824-0338;hotelancon@hotelancon.com.ar;-58.3992;-34.5969
314;Hosp. B;MAGISTRAL;21;39;BORGES 1937;PALERMO;4831-4006;;-58.4266;-34.5865
830;Hosp A;CARLOS VIA HOTEL;9;25;LAVALLE 3119;BALVANERA;4864-2032;info@socohotels.com;-58.4101;-34.6024
3;4 estrellas;GRAND KING HOTEL;102;214;LAVALLE 560;SAN NICOLAS;4393-4052 / 4012;reservas@grandking.com.ar gerencia@grandking.com.ar;-58.3747;-34.6022
367;Hosp. B;SAN REMO;21;43;DIRECTORIO 2449;FLORES;4612-9751;info@sanremoflores.com;-58.4615;-34.6336
364;Hosp. B;COMPOSTELA;22;42;OLLEROS 2931;COLEGIALES;4551-4802;;-58.447;-34.5756
365;Hosp. B;SANTA CRUZ;33;70;BOGOTA 2858;FLORES;4611-2133;;-58.4704;-34.6272
362;Hosp. B;MIRAMAR;26;26;SALTA 1429;CONSTITUCION;4306-6038;;-58.383;-34.6251
363;Hosp. B;SAENZ PEÑA;18;40;SAENZ PEÑA LUIS 1487;CONSTITUCION;4306-2461;;-58.3873;-34.6259
360;Hosp. B;SAN SEBASTIAN;17;34;MATIENZO BENJAMIN 2565;PALERMO;4553-1163;;-58.4411;-34.5741
361;Hosp. B;ATLAS;26;58;PERU 1681;BARRACAS;4306-9587;;-58.3737;-34.6279
380;Hosp. B;MARY SIL;18;38;BOLIVIA 1151;VILLA GENERAL MITRE;4581-9005;;-58.4708;-34.6179
381;Hosp. B;NAZARRE;17;31;NAZARRE 3150;VILLA DEL PARQUE;4501-2019;;-58.494;-34.6019
382;Hosp. B;MEXICO;23;52;MEXICO 2944;BALVANERA;4931-3087;;-58.4073;-34.6181
383;Hosp. B;REY;28;56;COMBATE DE LOS POZOS 0471;BALVANERA;4942-8412;info@hotel-rey.com.ar;-58.3933;-34.6147
384;Hosp. B;SAN JORGE;17;35;CHARCAS 4500;PALERMO;774-2639;;-58.4248;-34.5825
385;Hosp. B;YALE;20;34;SAENZ PEÑA LUIS 1007;CONSTITUCION;4305-8754;;-58.3874;-34.6201
387;Hosp. B;MITRE;27;65;MITRE BARTOLOME 2717;BALVANERA;4866-4089;;-58.4049;-34.6087
388;Hosp. B;MAIPU;26;53;MAIPU 0735;SAN NICOLAS;4322-5142;administracion@nuevohotelmaipu.com.ar;-58.3768;-34.5996
60;2 estrellas;MARBELLA HOTEL;78;154;AV DE MAYO 1261;MONSERRAT;4383-8566;info@hotelmarbella.com.ar;-58.3843;-34.6092
61;1 estrellas;PRINCE HOTEL;44;92;ARENALES 1627;RECOLETA;4811-8004;princehotel@arnet.com.ar;-58.3906;-34.595
258;Hosp. A;AUTOPISTA;29;41;SALTA 1446;CONSTITUCION;4305-0186;;-58.3829;-34.6252
259;Hosp. A;PIRIAPOLIS ;38;79;CORDOBA 3051;RECOLETA;4961-7132;piriapolis_hotel@yahoo.com.ar;-58.4099;-34.598
64;2 estrellas;PANAME;56;109;GODOY CRUZ 2774;PALERMO;4771-4041;info@panamehotel.com.ar;-58.4247;-34.5779
252;Hosp. A;REX;21;40;MEXICO 1250;MONSERRAT;4383-4226 / 4911-1953;;-58.3838;-34.6154
69;2 estrellas;KING'S HOTEL;50;99;CORRIENTES 623;SAN NICOLAS;4322-8461 / 8161;reservas@kingshotel.com.ar;-58.3755;-34.6033
251;Hosp. A;ESQUEL;44;96;BRASIL 1391;CONSTITUCION;4305-6362;;-58.3855;-34.6284
257;Hosp. A;ATLAS;23;43;CIUDAD DE LA PAZ 1868;BELGRANO;4783-7821;;-58.4558;-34.5649
254;Hosp. A;HISPANO ARGENTINO;36;69;LIMA 1483;CONSTITUCION;4304-5855;;-58.3824;-34.6257
255;Hosp. A;SAN CRISTOBAL;20;40;HUMBERTO 1º 2172;SAN CRISTOBAL;4941-7768;carlosemiliomendez@hotmail.com;-58.3963;-34.6218
508;4 estrellas;AMERICAS TOWER;94;291;LIBERTAD 1070;RETIRO;4129-0700;towers@grupoamericas.com.ar;-58.3843;-34.5961
506;1 estrellas;OMEGA;19;34;PARAGUAY 2991;RECOLETA;4962-5431;info@hotelomega.com.ar;-58.4094;-34.5957
504;4 estrellas;REINO DEL PLATA;41;112;HIPOLITO YRIGOYEN 647;MONTSERRAT;5272-4000;pobregon@hotelreinodelplata.com.ar;-58.3756;-34.6092
505;1 estrellas;BOHEMIA BUENOS AIRES HOTEL;17;39;PERÚ 845;SAN TELMO;4115-2561/2566;info@bohemiabuenosaires.com.ar;-58.3744;-34.6179
502;4 estrellas;PARK ELEGANCE UNIQUE (ex KEMPINSKI HOTEL PARK ELEGANCE);43;173;Pueyrredon 1940;RECOLETA;6777-0500 Fax: 6777-0500 ;elegance@hotels-unique.com;-58.3995;-34.5888
503;4 estrellas;VISTA SOL BUENOS AIRES DESIGN HOTEL;82;153;Tucumán 451 ;SAN NICOLAS;5273 2500;recepcionbue@vistasolhotels.com ;-58.3733;-34.6009
501;4 estrellas;PARK CHATEAU UNIQUE (ex KEMPINSKI HOTEL PARK CHATEAU);63;126;Talcahuano 1253;RETIRO;6777-0400 Fax: 6777-0430 ;chateau@hotels-unique.com;-58.3859;-34.5938
5029;APART;LOISUITES ARENALES;76;193;ARENALES 855;RETIRO;4324-9400;mclonghi@loisuites.com.ar;-58.3793;-34.5941
5028;APART;LOISUITES ESMERALDA;101;381;ALVEAR M.T. 842;RETIRO;4131 6800;reservas@loisuites.com.ar;-58.3791;-34.5965
5021;APART;SARMIENTO SUITES;38;76;SARMIENTO 670/4;SAN NICOLAS;4393-8997 / 8937 / 9035;reservas@sarmientosuites.com.ar;-58.3762;-34.6047
5020;APART;CABILDO SUITES CLUB & SPA;54;108;CABILDO 1950;BELGRANO;4780-1900;cabildostventas@orho-hoteles.com.ar;-58.4556;-34.5635
5023;APART;BROADWAY ALL SUITES APPART HOTEL BS AS;66;148;CORRIENTES 1173;SAN NICOLAS;4378-9250;ventas@broadway-suites.com.ar;-58.3832;-34.6037
5022;APART;DESIGNS SUITES;41;82;M.T ALVEAR 1683;RECOLETA;4814-8700 /Rvas. 45908540;lhasler@desingsuites.com;-58.3913;-34.5972
5024;APART;ANCHORENA APART HOTEL;25;50;ANCHORENA 1121;RECOLETA;4961-8548 / 9445;contacto@anchorenasw.com;-58.4071;-34.5964
5027;APART;FIAMINGO APART HOTEL;20;48;TALCAHUANO 120;SAN NICOLAS;4374-4400;reservas@fiamingoapart.com.ar;-58.385;-34.6073
168;4 estrellas;LAS NACIONES;312;600;CORRIENTES AV. 818;SAN NICOLAS;5371-3000;lasnaciones@hotellasnaciones.com.ar;-58.3783;-34.6036
169;3 estrellas;DE LOS DOS CONGRESOS;51;102;RIVADAVIA 1777;SAN NICOLAS;4371-0072 / 4372;reservas@hostelpuntocero.com;-58.3915;-34.6092
164;4 estrellas;PARK CENTRAL UNIQUE (ex KEMPINSKI CENTRAL PARK PLAZA) ;70;140;SAENZ PEÑA ROQUE 1174;SAN NICOLAS;6777-0300;central@hotels-unique.com;-58.3832;-34.603
165;3 estrellas;IMPERIAL PARK;60;120;LIMA 107 - HIPOLITO YRIGOYEN 108;MONSERRAT;4383-0555;info@imperialparkhotel.com;-58.382;-34.6098
166;3 estrellas;LUEY;71;142;RIVADAVIA 2902;BALVANERA;4862-3873 / 4866-4427;luey@arnet.com.ar ;-58.4078;-34.6103
167;5 estrellas;FEIR'S PARK ALL SUITES HOTEL;111;222;ESMERALDA 1366;RETIRO;4327-1900;reservas@feirspark.com.ar;-58.3783;-34.5918
160;2 estrellas;INTERNACIONAL;47;91;B. IRIGOYEN 552/4/8;MONSERRAT;4334-4949;info@hotel-internacional.com.ar;-58.3803;-34.6147
161;3 estrellas;GRAN HOTEL AILEN;51;102;SUIPACHA 18;SAN NICOLAS;4345-4980 / 4343-2037;reservas@granhotelailen.com.ar;-58.3793;-34.6081
163;2 estrellas;ESPERIA;51;101;URQUIZA 222;BALVANERA;4957-3937;hotelesperia@ciudad.com.ar;-58.41;-34.613
9;3 estrellas;IMPALA;60;140;LIBERTAD 1215;RETIRO;4816--0430 / 39;reservas@525hotel.com;-58.3844;-34.5942
357;Hosp. B;LAUTARO;17;41;FALCON RAMON L. 1999;FLORES;4633-5232;;-58.457;-34.6284
809;Hosp. A;RICH;57;99;PARAGUAY 2088;RECOLETA;5778-0644 4778-0645;;-58.397;-34.5986
354;Hosp. B;ASTUR;46;86;AVELLANEDA 0371;CABALLITO;4982-9515;;-58.4356;-34.6131
352;Hosp. B;MAIPO;20;44;ESMERALDA 474;SAN NICOLAS;4328-4907/4393-2982;hotelmaipo@hotmail.com;-58.3781;-34.6028
350;Hosp. B;SOLANA;23;45;ECUADOR 0945;BALVANERA;4962-7337;;-58.4059;-34.5989
803;Hosp. A;ABC;36;68;SANTIAGO DEL ESTERO 1640 PB;CONSTITUCION;4304-2706;bettyyvos@gmail.com;-58.3843;-34.6274
802;Hosp. A;JADE;24;60;SANCHEZ DE BUSTAMANTE 0839;ALMAGRO;4863-8711;;-58.4138;-34.6007
806;Hosp. A;SAN JULIAN;20;41;ARANGUREN 2528;FLORES;4611-8607;;-58.4671;-34.6236
805;Hosp. A;HAITI;17;35;PERON 3384;ALMAGRO;4861-6172;;-58.4143;-34.6073
358;Hosp. B;BACCARA;46;102;SALTA 0952;CONSITUTCION;4308-8173;;-58.3829;-34.6192
214;Hosp. A;COSTA AZUL;28;59;ALBERDI 3327;FLORESTA;4612-5983;donixs@yahoo.com;-58.4737;-34.6349
210;Hosp. A;SOUTULLO;40;87;BOGOTA 2519;FLORES;4612-9406;;-58.466;-34.6258
211;Hosp. A;BAHIA;15;33;YRIGOYEN HIPOLITO 3062;BALVANERA;4931-7198;info@elhotelbahia.com.ar;-58.4097;-34.6115
218;Hosp. A;LA ARGENTINA;62;151;AV DE MAYO 0860;MONSERRAT;4342-0078;jvaianella@yahoo.com.ar;-58.3786;-34.6089
219;Hosp. A;AZUL;28;64;YRIGOYEN HIPOLITO 2952;BALVANERA;4931-1153;hazul.bsas@gmail.com;-58.4081;-34.6115
289;Hosp. A;BELLOTA (ex SAA);22;44;GODOY CRUZ 2821;PALERMO;4773-3088;;-58.4241;-34.5775
288;Hosp. A;PROVINCIAL;30;60;SAN JUAN 0844;CONSTITUCION;4300-2642;;-58.3778;-34.6222
4;4 estrellas;PRESIDENTE HOTEL;250;500;CERRITO 846;RETIRO;4816-2222;admin@hotelpresidente.com.ar;-58.3826;-34.5985
280;Hosp. A;AGUIRRE;23;52;AGUIRRE 1041;VILLA CRESPO;4772-7464;;-58.44;-34.5929
283;Hosp. A;BOULEVARD;57;120;INDEPENDENCIA 2963;BALVANERA;4931-9929;;-58.4073;-34.6195
285;Hosp. A;LACROZE;36;79;LACROZE FEDERICO 3236;COLEGIALES;4552-4445;;-58.4496;-34.5785
284;Hosp. A;ARIES;22;48;GASCON 1147;PALERMO;4863-1232;info@arieshotel.com.ar;-58.4232;-34.5972
287;Hosp. A;PIRAMIDES;18;26;PERON 1473;SAN NICOLAS;4371-4849;;-58.3874;-34.6065
286;Hosp. A;LOS ROBLES (ex NIVI);19;38;ESTADOS UNIDOS 0827;CONSTITUCION;4300-2096;daquilaus@hotmail.com;-58.3778;-34.6185
263;Hosp. A;HISPANO ;26;50;JUNCAL 2282;RECOLETA;4821-2770 / 2756 / 6437; info@juncalpalacehotel.com.ar;-58.3997;-34.5922
262;Hosp. A;MARBELLA;23;;CORRIENTES 3193;BALVANERA;4863-7118;info@marbellahostel.com.ar;-58.4101;-34.604
261;Hosp. A;PARIS;24;50;DONATO ALVAREZ 2141;PATERNAL;4581-0400;;-58.4652;-34.6024
260;Hosp. A;ROSEDAL;51;116;SANTIAGO DEL ESTERO 1677;CONSTITUCION;4304-4840;;-58.3844;-34.6278
266;Hosp. A;SAN AGUSTIN ;26;57;PUEYRREDON 0121;BALVANERA;4863-2131;hotelsanagustin@ciudad.com.ar;-58.406;-34.6085
265;Hosp. A;HERCULES;14;29;COCHABAMBA 1260;CONSTITUCION;4304-8306;;-58.3839;-34.624
264;Hosp. A;HERCULES 78;18;54;COCHABAMBA 1236 ;CONSTITUCION;4304-6490/6306;;-58.3835;-34.624
269;Hosp. A;ROVARO;20;26;CHENAUT 1980;PALERMO;4771-8103;;-58.4332;-34.5726
268;Hosp. A;VENEZUELA;41;82;VENEZUELA 2135;BALVANERA;4942-8734;;-58.3968;-34.6152
59;2 estrellas;REAL SPLENDID;42;76;FALCON 2799;FLORES;4611-3279;realsplendidhotel@ciudad.com.ar;-58.4676;-34.6317
58;3 estrellas;REGIS HOTEL;84;190;LAVALLE 813;SAN NICOLAS;4327-2614;nbelchior@orho-hoteles.com.ar;-58.3783;-34.6023
55;3 estrellas;ALPINO HOTEL;35;140;CABELLO 3316/18;PALERMO;4802-5151;hotelalpino@fibertel.com.ar;-58.4079;-34.5817
57;2 estrellas;PLAZA ROMA;65;150;LAVALLE 110;SAN NICOLAS;4311-1679;info@hotelplazaroma.com.ar;-58.3693;-34.6019
56;2 estrellas;CECIL HOTEL;40;86;AV DE MAYO 1239;MONSERRAT;4383-3511;cecilhotel@hotmail.com;-58.384;-34.6091
51;3 estrellas;TORRE HOTEL;84;176;OLLEROS 4186;CHACARITA;4552-6034 / 6655;hoteltorre@fibertel.com.ar ;-58.4537;-34.5873
62;2 estrellas;GRAN HOTEL HISPANO;53;108;AV DE MAYO 861;MONSERRAT;4342-4431;hhispano@hhispano.com.ar;-58.3786;-34.6089
63;1 estrellas;EL CABILDO;40;89;LAVALLE 0748;SAN NICOLAS;4322-6695 / 6745;hotelelcabildo@yahoo.com.ar gerencia@hotelelcabildo.com;-58.3774;-34.6024
5010;APART;TRIANON RESIDENCE;51;102;CALLAO 1869;RECOLETA;4811-3601 / 5403 / 9789;recepcion@trianon.com.ar;-58.3884;-34.5887
5011;APART;GEORGE GRUKI;22;88;MENDOZA 4569;VILLA URQUIZA;4544-8854 / 8904 /6055 / 6105;mendoza4569@hotmail.com ;-58.4785;-34.5735
5012;APART 2 estrellas;ULISES RECOLETA;25;64;AYACUCHO 2016;RECOLETA;4804-4571 / 72 / 0734 / 0737;info@ulisesrecoleta.com.ar;-58.389;-34.5874
5014;APART;APART TRES REYES;20;40;SAENZ PEÑA L.294;MONSERRAT;4383-1238;info@aparthoteltresreyes.com;-58.3875;-34.6122
5017;APART;APART RECOLETA AR;160;320;GUIDO 1948;RECOLETA;4801-8003;hotel@apartrecoleta.com.ar;-58.3915;-34.5888
5018;APART;TORRE CRISTOFORO COLOMBO SUITES;160;485;F.J.S. DE ORO 2747/55;PALERMO;4777-9622;;-58.4219;-34.5767
5019;APART;VIAMONTE BUENOS AIRES APART;43;86;VIAMONTE 1373;SAN NICOLAS;4371-9993 / 7099 / 2022;info@hotelviamonte.com.ar ;-58.3863;-34.6005
115;REG DE PREST;TELMOTANGO;30;60;Chacabuco 0679;SAN TELMO;4361-5808;info@hostelmotango.com ;-58.376;-34.616
114;REG DE PREST;PORTAL DEL SUR;;;Yrigoyen Hipolito 0855 2º;MONSERRAT;4342-8788;recepcion@portaldelsurba.com.ar;-58.3785;-34.6094
117;REG DE PREST;ST. NICHOLAS HOSTEL;9;18;Mitre Bartolome 1691 1º;SAN NICOLÁS ;4373-5920 esta mal el tel;info@snhostel.com ;-58.3905;-34.6079
116;4 estrellas;DAZZLER LIBERTAD (ex BISONTE);76;174;PARAGUAY 1207 /Libertad  902;RETIRO;48165770;gerencia@bisontelibertad.com;-58.3842;-34.5981
111;3 estrellas;ROCHESTER CONCEPT (ex HYDE PARK) ;72;146;MAIPU 572;SAN NICOLAS;4328-3930 / 3943;info@rochester-hotel.com.ar;-58.3768;-34.6015
110;5 estrellas;PANAMERICANO HOTEL & RESORT BS.AS.;200;430;PELLEGRINI 551;SAN NICOLAS;4348-5000/ fax. 4348-5250/51;marketing@panamericano.us;-58.381;-34.602
113;1 estrellas;DU HELDER HOTEL;69;128;RIVADAVIA 0857;SAN NICOLAS;4345-4908;hotelduhelder@hotmail.com  ferabdala04@hotmail.com;-58.3786;-34.6082
119;REG DE PREST;COMPLEJO TANGO;7;14;Belgrano Av. 2608;BALVANERA;4941-1119;reservas@complejotango.com.ar;-58.4031;-34.6146
118;1 estrellas;PALACE SOLIS;51;113;SOLIS 0352/56;MONSERRAT;4371-7428 / 6266;info@hotelsolis.com.ar;-58.3903;-34.6131
308;Hosp. B;MIKY ;36;68;TALCAHUANO 0362;SAN NICOLAS;4371-2376;;-58.3851;-34.6045
301;Hosp. B;VICTORIA;59;144;CHACABUCO 0726;SAN TELMO;4351-2135;;-58.3759;-34.6166
303;Hosp. B;O REI;35;70;LAVALLE 0733;SAN NICOLAS;4393-7186;info@hotelorei.com.ar;-58.3772;-34.6023
305;Hosp. B;CENTRAL;60;;ALSINA 1693;SAN NICOLAS;4304-3783;;-58.3902;-34.6113
306;Hosp. B;LION D'OR;28;51;PACHECO DE MELO 2019;RECOLETA; 4-803-8992 ;;-58.3951;-34.5907
371;Hosp. B;EUROPEO;23;67;SARMIENTO 2010;BALVANERA;4953-6384;;-58.3953;-34.6059
370;Hosp. B;LOS ANGELES;21;46;YRIGOYEN HIPOLITO 3073;BALVANERA;4864-2692;;-58.4098;-34.6115
372;Hosp. B;ENSENADA;21;47;ENSENADA 0134;FLORESTA;4672-2547;;-58.4781;-34.6348
375;Hosp. B;TIRRENO;30;67;PARAGUAY 2417;RECOLETA;4961-0204;;-58.4023;-34.5977
374;Hosp. B;PINOT;16;32;DIAZ VELEZ 5069;CABALLITO;4962-2747;;-58.4383;-34.6087
376;Hosp. B;DOMARI;18;32;CULPINA 0262;FLORES;4611-6726;;-58.4655;-34.6331
229;Hosp. A;VESUVIO ;28;47;RIVADAVIA 2548;BALVANERA;4951-4715;;-58.4025;-34.61
228;Hosp. A;AYRES PORTEÑOS;28;87;PERU 708;SAN TELMO;4300-7314;info@ayresportenos.com.ar;-58.3745;-34.6162
227;Hosp. A;GRAN HOTEL ESPAÑA;47;92;TACUARI 0080;MONSERRAT;4343-5541;;-58.3791;-34.6092
225;Hosp. A;IBERIA;20;42;CIUDADELA 1272;CONSTITUCION;4305-7061;raquelgarciablanco@hotmail.com;-58.3839;-34.6275
223;Hosp. A;CENTRAL ARGENTINO;44;71;DEL LIBERTADOR 0174;RETIRO;4312-6742;hotelcentralargentino@yahoo.com.ar;-58.3763;-34.5923
222;Hosp. A;MIKI;20;39;LA RIOJA 0271;BALVANERA;4957-1614;;-58.4087;-34.6135
221;Hosp. A;ALBA;27;53;GARAY 1381;CONSTITUCION;4306-4304;albahoteleria@yahoo.com.ar;-58.3855;-34.6271
89;4 estrellas;FACÓN GRANDE;97;218;RECONQUISTA 645;SAN NICOLAS;4312-6361 / 09;reservas@hotelfacongrande.com;-58.3726;-34.6003
151;5 estrellas;ALVEAR PALACE HOTEL;200;405;ALVEAR AV 1891;RECOLETA;4808-2100;info@alvearpalace.com nsalvagno@alvear.com.ar;-58.389;-34.5877
150;2 estrellas;GUIDO PALACE HOTEL;23;48;GUIDO 1780;RECOLETA;4812-0674 / 0841;totelguidopalace@hotmail.com.ar;-58.3897;-34.5903
153;1 estrellas;MORDOMO;22;42;CIUDAD DE LA PAZ 2942;NUÑEZ;4544-2711 / 4545-1263;hotelmordomo@yahoo.com.ar;-58.4641;-34.5557
152;4 estrellas;CONTE HOTEL;118;236;PELLEGRINI 101;SAN NICOLAS;4326-8898 / 4394-8441;administracion@conte-hotel.com;-58.3807;-34.6071
155;4 estrellas;CAMBREMON HOTEL;70;137;SUIPACHA 30;SAN NICOLAS;4345-0118 / 7493;reservas@scalabuenosaires.com;-58.3793;-34.6079
157;4 estrellas;DOLMEN;103;289;SUIPACHA 1069/79;RETIRO;4311-9000 / 4315-7117;dolmenhotel@hoteldolmen.com.ar gerencia.op@hoteldolmen.com.ar;-58.3799;-34.5956
156;5 estrellas;INTERCONTINENTAL BUENOS AIRES;314;628;MORENO 809/41;MONSERRAT;4340-7122;christian.essells@ihg.com;-58.3779;-34.6116
159;4 estrellas;CUATRO REYES;70;128;INDEPENDENCIA 1391;MONSERRAT;4384 -8000;informacion@hotelcuatroreyes.com;-58.3856;-34.6178
158;4 estrellas;ASPEN TOWERS ;75;204;PARAGUAY 857;RETIRO;4313-1919;xaretino@aspenhotels.com.ar;-58.3792;-34.5977
398;Hosp. B;OLLEROS;30;57;OLLEROS 3146;COLEGIALES;4552-9975;;-58.4482;-34.5779
49;2 estrellas;LA AVENTURA HOTEL (ex LAS FAMILIAS);50;85;ITUZAINGO 763;BARRACAS;4362-0519;;-58.3749;-34.631
46;1 estrellas;AVENIDA PETIT HOTEL;51;97;AV DE MAYO 1347;MONSERRAT;4381-2428 / 7831;avenidapetit@gmail.com;-58.3855;-34.6093
44;1 estrellas;MILAN;45;96;MONTEVIDEO 337;SAN NICOLAS;4373-0759 / 4374-1906;info@milanhotel.com.ar;-58.3893;-34.6049
45;2 estrellas;CHILE;68;119;AV. DE MAYO 1297;MONSERRAT;4383-7877 / 1333;reseras@hotelchile.com.ar;-58.3847;-34.6092
42;1 estrellas;QUITO;15;40;ALSINA 2737;BALVANERA;4957-5056;;-58.4049;-34.6123
43;3 estrellas;LIBERTY HOTEL;94;190;CORRIENTES 632;SAN NICOLAS;5279-0000;ventas@liberty-hotel.com.ar;-58.3757;-34.6034
41;REG DE PREST;LA CASCADA TOWN HOUSE HOTEL;15;30;Vuelta de Obligado 4578;NUÑEZ;4703-1251;info@lacascadatownhouse.com.ar;-58.4724;-34.5412
5;1 estrellas;BRISAS HOTEL;40;85;TACUARI 1621/25;CONSTITUCION;4300-5076 / 77;hotelbrisas1@gmail.com;-58.3771;-34.6271
5041;APART 2 estrellas;URBAN SUITES RECOLETA;35;70;JUNIN 1727;RECOLETA;4803-2300;info@urbanrecoleta.com;-58.3927;-34.589
5040;APART 2 estrellas;AMERIAN CONGRESO;90;302;Bartolomé Mitre 1744;SAN NICOLAS;5032-5200;;-58.3914;-34.608
